{
  "title": "Edge Downlink Lag",
  "image": null,
  "mobileHide": false,
  "mobileOrder": null,
  "configuration": {
    "description": "",
    "widgets": {
      "85680818-69b3-3f8b-1330-2e60a5594e37": {
        "typeFullFqn": "system.line_chart",
        "type": "timeseries",
        "sizeX": 8,
        "sizeY": 5,
        "config": {
          "datasources": [
            {
              "type": "entity",
              "name": "",
              "entityAliasId": "eae9165a-2aa2-8940-daa7-df520723600a",
              "dataKeys": [
                {
                  "name": "downlinkLag",
                  "type": "timeseries",
                  "label": "${entityName}",
                  "color": "#2196f3",
                  "settings": {
                    "yAxisId": "default",
                    "showInLegend": true,
                    "dataHiddenByDefault": false,
                    "type": "line",
                    "lineSettings": {
                      "showLine": true,
                      "step": false,
                      "stepType": "start",
                      "smooth": false,
                      "lineType": "solid",
                      "lineWidth": 2,
                      "showPoints": false,
                      "showPointLabel": false,
                      "pointLabelPosition": "top",
                      "pointLabelFont": {
                        "family": "Roboto",
                        "size": 11,
                        "sizeUnit": "px",
                        "style": "normal",
                        "weight": "400",
                        "lineHeight": "1"
                      },
                      "pointLabelColor": "rgba(0, 0, 0, 0.76)",
                      "enablePointLabelBackground": false,
                      "pointLabelBackground": "rgba(255,255,255,0.56)",
                      "pointShape": "emptyCircle",
                      "pointSize": 4,
                      "fillAreaSettings": {
                        "type": "none",
                        "opacity": 0.4,
                        "gradient": {
                          "start": 100,
                          "end": 0
                        }
                      }
                    },
                    "barSettings": {
                      "showBorder": false,
                      "borderWidth": 2,
                      "borderRadius": 0,
                      "showLabel": false,
                      "labelPosition": "top",
                      "labelFont": {
                        "family": "Roboto",
                        "size": 11,
                        "sizeUnit": "px",
                        "style": "normal",
                        "weight": "400",
                        "lineHeight": "1"
                      },
                      "labelColor": "rgba(0, 0, 0, 0.76)",
                      "enableLabelBackground": false,
                      "labelBackground": "rgba(255,255,255,0.56)",
                      "backgroundSettings": {
                        "type": "none",
                        "opacity": 0.4,
                        "gradient": {
                          "start": 100,
                          "end": 0
                        }
                      }
                    },
                    "comparisonSettings": {
                      "showValuesForComparison": false,
                      "comparisonValuesLabel": "",
                      "color": ""
                    }
                  },
                  "_hash": 0.6139367508506679,
                  "units": null,
                  "decimals": 0
                }
              ],
              "alarmFilterConfig": {
                "statusList": [
                  "ACTIVE"
                ]
              },
              "latestDataKeys": []
            }
          ],
          "timewindow": {
            "hideAggregation": false,
            "hideAggInterval": false,
            "hideTimezone": false,
            "selectedTab": 0,
            "realtime": {
              "realtimeType": 0,
              "interval": 60000,
              "timewindowMs": 3600000,
              "quickInterval": "CURRENT_DAY",
              "hideInterval": false,
              "hideLastInterval": false,
              "hideQuickInterval": false
            },
            "history": {
              "historyType": 0,
              "interval": 1000,
              "timewindowMs": 60000,
              "fixedTimewindow": {
                "startTimeMs": 1751192207181,
                "endTimeMs": 1751278607181
              },
              "quickInterval": "CURRENT_DAY",
              "hideInterval": false,
              "hideLastInterval": false,
              "hideFixedInterval": false,
              "hideQuickInterval": false
            },
            "aggregation": {
              "type": "MAX",
              "limit": 25000
            },
            "timezone": null
          },
          "showTitle": true,
          "backgroundColor": "rgba(0, 0, 0, 0)",
          "color": "rgba(0, 0, 0, 0.87)",
          "padding": "0px",
          "settings": {
            "showLegend": true,
            "legendConfig": {
              "direction": "column",
              "position": "top",
              "sortDataKeys": false,
              "showMin": false,
              "showMax": false,
              "showAvg": true,
              "showTotal": false,
              "showLatest": false,
              "valueFormat": null
            },
            "thresholds": [],
            "dataZoom": true,
            "stack": false,
            "yAxis": {
              "show": true,
              "label": "",
              "labelFont": {
                "family": "Roboto",
                "size": 12,
                "sizeUnit": "px",
                "style": "normal",
                "weight": "600",
                "lineHeight": "1"
              },
              "labelColor": "rgba(0, 0, 0, 0.54)",
              "position": "left",
              "showTickLabels": true,
              "tickLabelFont": {
                "family": "Roboto",
                "size": 12,
                "sizeUnit": "px",
                "style": "normal",
                "weight": "400",
                "lineHeight": "1"
              },
              "tickLabelColor": "rgba(0, 0, 0, 0.54)",
              "showTicks": true,
              "ticksColor": "rgba(0, 0, 0, 0.54)",
              "showLine": true,
              "lineColor": "rgba(0, 0, 0, 0.54)",
              "showSplitLines": true,
              "splitLinesColor": "rgba(0, 0, 0, 0.12)"
            },
            "xAxis": {
              "show": true,
              "label": "",
              "labelFont": {
                "family": "Roboto",
                "size": 12,
                "sizeUnit": "px",
                "style": "normal",
                "weight": "600",
                "lineHeight": "1"
              },
              "labelColor": "rgba(0, 0, 0, 0.54)",
              "position": "bottom",
              "showTickLabels": true,
              "tickLabelFont": {
                "family": "Roboto",
                "size": 10,
                "sizeUnit": "px",
                "style": "normal",
                "weight": "400",
                "lineHeight": "1"
              },
              "tickLabelColor": "rgba(0, 0, 0, 0.54)",
              "ticksFormat": {},
              "showTicks": true,
              "ticksColor": "rgba(0, 0, 0, 0.54)",
              "showLine": true,
              "lineColor": "rgba(0, 0, 0, 0.54)",
              "showSplitLines": true,
              "splitLinesColor": "rgba(0, 0, 0, 0.12)"
            },
            "legendLabelFont": {
              "family": "Roboto",
              "size": 12,
              "sizeUnit": "px",
              "style": "normal",
              "weight": "400",
              "lineHeight": "16px"
            },
            "legendLabelColor": "rgba(0, 0, 0, 0.76)",
            "showTooltip": true,
            "tooltipTrigger": "axis",
            "tooltipValueFont": {
              "family": "Roboto",
              "size": 12,
              "sizeUnit": "px",
              "style": "normal",
              "weight": "500",
              "lineHeight": "16px"
            },
            "tooltipValueColor": "rgba(0, 0, 0, 0.76)",
            "tooltipShowDate": true,
            "tooltipDateFormat": {
              "format": null,
              "lastUpdateAgo": false,
              "custom": false,
              "auto": true,
              "autoDateFormatSettings": {}
            },
            "tooltipDateFont": {
              "family": "Roboto",
              "size": 11,
              "sizeUnit": "px",
              "style": "normal",
              "weight": "400",
              "lineHeight": "16px"
            },
            "tooltipDateColor": "rgba(0, 0, 0, 0.76)",
            "tooltipDateInterval": true,
            "tooltipBackgroundColor": "rgba(255, 255, 255, 0.76)",
            "tooltipBackgroundBlur": 4,
            "background": {
              "type": "color",
              "color": "#fff",
              "overlay": {
                "enabled": false,
                "color": "rgba(255,255,255,0.72)",
                "blur": 3
              }
            },
            "yAxes": {
              "default": {
                "units": null,
                "decimals": 0,
                "show": true,
                "label": "Lag Message",
                "labelFont": {
                  "family": "Roboto",
                  "size": 12,
                  "sizeUnit": "px",
                  "style": "normal",
                  "weight": "600",
                  "lineHeight": "1"
                },
                "labelColor": "rgba(0, 0, 0, 0.54)",
                "position": "left",
                "showTickLabels": true,
                "tickLabelFont": {
                  "family": "Roboto",
                  "size": 12,
                  "sizeUnit": "px",
                  "style": "normal",
                  "weight": "400",
                  "lineHeight": "1"
                },
                "tickLabelColor": "rgba(0, 0, 0, 0.54)",
                "ticksFormatter": null,
                "showTicks": true,
                "ticksColor": "rgba(0, 0, 0, 0.54)",
                "showLine": true,
                "lineColor": "rgba(0, 0, 0, 0.54)",
                "showSplitLines": true,
                "splitLinesColor": "rgba(0, 0, 0, 0.12)",
                "id": "default",
                "order": 0,
                "max": null
              }
            },
            "noAggregationBarWidthSettings": {
              "strategy": "group",
              "groupWidth": {
                "relative": true,
                "relativeWidth": 2,
                "absoluteWidth": 1000
              },
              "barWidth": {
                "relative": true,
                "relativeWidth": 2,
                "absoluteWidth": 1000
              }
            },
            "animation": {
              "animation": true,
              "animationThreshold": 2000,
              "animationDuration": 500,
              "animationEasing": "cubicOut",
              "animationDelay": 0,
              "animationDurationUpdate": 300,
              "animationEasingUpdate": "cubicOut",
              "animationDelayUpdate": 0
            },
            "padding": "12px",
            "comparisonEnabled": false,
            "timeForComparison": "previousInterval",
            "comparisonCustomIntervalValue": 7200000,
            "comparisonXAxis": {
              "show": true,
              "label": "",
              "labelFont": {
                "family": "Roboto",
                "size": 12,
                "sizeUnit": "px",
                "style": "normal",
                "weight": "600",
                "lineHeight": "1"
              },
              "labelColor": "rgba(0, 0, 0, 0.54)",
              "position": "top",
              "showTickLabels": true,
              "tickLabelFont": {
                "family": "Roboto",
                "size": 10,
                "sizeUnit": "px",
                "style": "normal",
                "weight": "400",
                "lineHeight": "1"
              },
              "tickLabelColor": "rgba(0, 0, 0, 0.54)",
              "ticksFormat": {},
              "showTicks": true,
              "ticksColor": "rgba(0, 0, 0, 0.54)",
              "showLine": true,
              "lineColor": "rgba(0, 0, 0, 0.54)",
              "showSplitLines": true,
              "splitLinesColor": "rgba(0, 0, 0, 0.12)"
            },
            "grid": {
              "show": false,
              "backgroundColor": null,
              "borderWidth": 1,
              "borderColor": "#ccc"
            },
            "legendColumnTitleFont": {
              "family": "Roboto",
              "size": 12,
              "sizeUnit": "px",
              "style": "normal",
              "weight": "400",
              "lineHeight": "16px"
            },
            "legendColumnTitleColor": "rgba(0, 0, 0, 0.38)",
            "legendValueFont": {
              "family": "Roboto",
              "size": 12,
              "sizeUnit": "px",
              "style": "normal",
              "weight": "500",
              "lineHeight": "16px"
            },
            "legendValueColor": "rgba(0, 0, 0, 0.87)",
            "tooltipLabelFont": {
              "family": "Roboto",
              "size": 12,
              "sizeUnit": "px",
              "style": "normal",
              "weight": "400",
              "lineHeight": "16px"
            },
            "tooltipLabelColor": "rgba(0, 0, 0, 0.76)",
            "tooltipHideZeroValues": null
          },
          "title": "Line chart",
          "dropShadow": true,
          "enableFullscreen": true,
          "titleStyle": null,
          "mobileHeight": null,
          "configMode": "basic",
          "actions": {},
          "showTitleIcon": false,
          "titleIcon": "thermostat",
          "iconColor": "#1F6BDD",
          "useDashboardTimewindow": false,
          "displayTimewindow": true,
          "titleFont": {
            "size": 16,
            "sizeUnit": "px",
            "family": "Roboto",
            "weight": "500",
            "style": "normal",
            "lineHeight": "24px"
          },
          "titleColor": "rgba(0, 0, 0, 0.87)",
          "titleTooltip": "",
          "widgetStyle": {},
          "widgetCss": "",
          "pageSize": 1024,
          "units": "",
          "decimals": null,
          "noDataDisplayMessage": "",
          "timewindowStyle": {
            "showIcon": false,
            "iconSize": "24px",
            "icon": null,
            "iconPosition": "left",
            "font": {
              "size": 12,
              "sizeUnit": "px",
              "family": "Roboto",
              "weight": "400",
              "style": "normal",
              "lineHeight": "16px"
            },
            "color": "rgba(0, 0, 0, 0.38)",
            "displayTypePrefix": true
          },
          "margin": "0px",
          "borderRadius": "0px",
          "iconSize": "0px"
        },
        "row": 0,
        "col": 0,
        "id": "85680818-69b3-3f8b-1330-2e60a5594e37"
      },
      "88647869-90ff-7464-6e52-1782252bd8ee": {
        "typeFullFqn": "system.cards.entities_table",
        "type": "latest",
        "sizeX": 7.5,
        "sizeY": 6.5,
        "config": {
          "timewindow": {
            "displayValue": "",
            "selectedTab": 0,
            "realtime": {
              "realtimeType": 1,
              "interval": 1000,
              "timewindowMs": 86400000,
              "quickInterval": "CURRENT_DAY",
              "hideInterval": false,
              "hideLastInterval": false,
              "hideQuickInterval": false
            },
            "history": {
              "historyType": 0,
              "interval": 1000,
              "timewindowMs": 60000,
              "fixedTimewindow": {
                "startTimeMs": 1751206478084,
                "endTimeMs": 1751292878084
              },
              "quickInterval": "CURRENT_DAY",
              "hideInterval": false,
              "hideLastInterval": false,
              "hideFixedInterval": false,
              "hideQuickInterval": false
            },
            "aggregation": {
              "type": "NONE",
              "limit": 200
            }
          },
          "showTitle": true,
          "backgroundColor": "rgb(255, 255, 255)",
          "color": "rgba(0, 0, 0, 0.87)",
          "padding": "4px",
          "settings": {
            "enableSearch": true,
            "enableSelectColumnDisplay": true,
            "enableStickyHeader": true,
            "enableStickyAction": true,
            "reserveSpaceForHiddenAction": "true",
            "displayEntityName": false,
            "displayEntityLabel": false,
            "displayEntityType": false,
            "displayPagination": true,
            "defaultPageSize": 10,
            "defaultSortOrder": "name",
            "useRowStyleFunction": false,
            "entitiesTitle": "Entities"
          },
          "title": "Entities table",
          "dropShadow": true,
          "enableFullscreen": true,
          "titleStyle": {
            "fontSize": "16px",
            "fontWeight": 400,
            "padding": "5px 10px 5px 10px"
          },
          "useDashboardTimewindow": false,
          "showLegend": false,
          "datasources": [
            {
              "type": "entity",
              "name": "",
              "entityAliasId": "eae9165a-2aa2-8940-daa7-df520723600a",
              "filterId": null,
              "dataKeys": [
                {
                  "name": "name",
                  "type": "entityField",
                  "label": "Name",
                  "color": "#2196f3",
                  "settings": {},
                  "_hash": 0.4777765078734666
                }
              ],
              "alarmFilterConfig": {
                "statusList": [
                  "ACTIVE"
                ]
              }
            }
          ],
          "displayTimewindow": false,
          "configMode": "advanced",
          "actions": {
            "rowClick": [
              {
                "name": "ChooseEdge",
                "icon": "more_horiz",
                "useShowWidgetActionFunction": null,
                "showWidgetActionFunction": "return true;",
                "type": "updateDashboardState",
                "targetDashboardStateId": "",
                "setEntityId": true,
                "stateEntityParamName": "ChooseEdge",
                "openRightLayout": false,
                "openInSeparateDialog": false,
                "openInPopover": false,
                "id": "44179389-5d41-59e2-7ada-c98ac8bbe36c"
              }
            ]
          },
          "showTitleIcon": false,
          "titleIcon": "list",
          "iconColor": null,
          "titleFont": null,
          "titleColor": null
        },
        "row": 0,
        "col": 0,
        "id": "88647869-90ff-7464-6e52-1782252bd8ee"
      },
      "30c127f0-9554-1527-a4ca-489db4256aab": {
        "typeFullFqn": "system.line_chart",
        "type": "timeseries",
        "sizeX": 8,
        "sizeY": 5,
        "config": {
          "datasources": [
            {
              "type": "entity",
              "name": "",
              "entityAliasId": "8f03e210-3f5f-1764-2f04-6bc33ecb5a9c",
              "dataKeys": [
                {
                  "name": "downlinkLag",
                  "type": "timeseries",
                  "label": "${entityName}",
                  "color": "#2196f3",
                  "settings": {
                    "yAxisId": "default",
                    "showInLegend": true,
                    "dataHiddenByDefault": false,
                    "type": "line",
                    "lineSettings": {
                      "showLine": true,
                      "step": false,
                      "stepType": "start",
                      "smooth": false,
                      "lineType": "solid",
                      "lineWidth": 2,
                      "showPoints": false,
                      "showPointLabel": false,
                      "pointLabelPosition": "top",
                      "pointLabelFont": {
                        "family": "Roboto",
                        "size": 11,
                        "sizeUnit": "px",
                        "style": "normal",
                        "weight": "400",
                        "lineHeight": "1"
                      },
                      "pointLabelColor": "rgba(0, 0, 0, 0.76)",
                      "enablePointLabelBackground": false,
                      "pointLabelBackground": "rgba(255,255,255,0.56)",
                      "pointShape": "emptyCircle",
                      "pointSize": 4,
                      "fillAreaSettings": {
                        "type": "none",
                        "opacity": 0.4,
                        "gradient": {
                          "start": 100,
                          "end": 0
                        }
                      }
                    },
                    "barSettings": {
                      "showBorder": false,
                      "borderWidth": 2,
                      "borderRadius": 0,
                      "showLabel": false,
                      "labelPosition": "top",
                      "labelFont": {
                        "family": "Roboto",
                        "size": 11,
                        "sizeUnit": "px",
                        "style": "normal",
                        "weight": "400",
                        "lineHeight": "1"
                      },
                      "labelColor": "rgba(0, 0, 0, 0.76)",
                      "enableLabelBackground": false,
                      "labelBackground": "rgba(255,255,255,0.56)",
                      "backgroundSettings": {
                        "type": "none",
                        "opacity": 0.4,
                        "gradient": {
                          "start": 100,
                          "end": 0
                        }
                      }
                    },
                    "comparisonSettings": {
                      "showValuesForComparison": false,
                      "comparisonValuesLabel": "",
                      "color": ""
                    }
                  },
                  "_hash": 0.3376945369796487,
                  "decimals": 0
                }
              ],
              "alarmFilterConfig": {
                "statusList": [
                  "ACTIVE"
                ]
              },
              "latestDataKeys": [
                {
                  "name": "EdgeName",
                  "type": "entityField",
                  "label": "Name",
                  "color": "#4caf50",
                  "settings": {},
                  "_hash": 0.29179965695485777,
                  "aggregationType": null,
                  "units": null,
                  "decimals": null,
                  "funcBody": null,
                  "usePostProcessing": null,
                  "postFuncBody": null
                }
              ]
            }
          ],
          "timewindow": {
            "hideAggregation": false,
            "hideAggInterval": false,
            "hideTimezone": false,
            "selectedTab": 0,
            "realtime": {
              "realtimeType": 0,
              "interval": 10000,
              "timewindowMs": 3600000,
              "quickInterval": "CURRENT_DAY",
              "hideInterval": false,
              "hideLastInterval": false,
              "hideQuickInterval": false
            },
            "history": {
              "historyType": 0,
              "interval": 1000,
              "timewindowMs": 60000,
              "fixedTimewindow": null,
              "quickInterval": "CURRENT_DAY",
              "hideInterval": false,
              "hideLastInterval": false,
              "hideFixedInterval": false,
              "hideQuickInterval": false
            },
            "aggregation": {
              "type": "AVG",
              "limit": 25000
            },
            "timezone": null
          },
          "showTitle": true,
          "backgroundColor": "rgba(0, 0, 0, 0)",
          "color": "rgba(0, 0, 0, 0.87)",
          "padding": "0px",
          "settings": {
            "showLegend": true,
            "legendConfig": {
              "direction": "column",
              "position": "top",
              "sortDataKeys": false,
              "showMin": false,
              "showMax": false,
              "showAvg": true,
              "showTotal": false,
              "showLatest": false,
              "valueFormat": null
            },
            "thresholds": [],
            "dataZoom": true,
            "stack": false,
            "yAxis": {
              "show": true,
              "label": "",
              "labelFont": {
                "family": "Roboto",
                "size": 12,
                "sizeUnit": "px",
                "style": "normal",
                "weight": "600",
                "lineHeight": "1"
              },
              "labelColor": "rgba(0, 0, 0, 0.54)",
              "position": "left",
              "showTickLabels": true,
              "tickLabelFont": {
                "family": "Roboto",
                "size": 12,
                "sizeUnit": "px",
                "style": "normal",
                "weight": "400",
                "lineHeight": "1"
              },
              "tickLabelColor": "rgba(0, 0, 0, 0.54)",
              "showTicks": true,
              "ticksColor": "rgba(0, 0, 0, 0.54)",
              "showLine": true,
              "lineColor": "rgba(0, 0, 0, 0.54)",
              "showSplitLines": true,
              "splitLinesColor": "rgba(0, 0, 0, 0.12)"
            },
            "xAxis": {
              "show": true,
              "label": "",
              "labelFont": {
                "family": "Roboto",
                "size": 12,
                "sizeUnit": "px",
                "style": "normal",
                "weight": "600",
                "lineHeight": "1"
              },
              "labelColor": "rgba(0, 0, 0, 0.54)",
              "position": "bottom",
              "showTickLabels": true,
              "tickLabelFont": {
                "family": "Roboto",
                "size": 10,
                "sizeUnit": "px",
                "style": "normal",
                "weight": "400",
                "lineHeight": "1"
              },
              "tickLabelColor": "rgba(0, 0, 0, 0.54)",
              "ticksFormat": {},
              "showTicks": true,
              "ticksColor": "rgba(0, 0, 0, 0.54)",
              "showLine": true,
              "lineColor": "rgba(0, 0, 0, 0.54)",
              "showSplitLines": true,
              "splitLinesColor": "rgba(0, 0, 0, 0.12)"
            },
            "legendLabelFont": {
              "family": "Roboto",
              "size": 12,
              "sizeUnit": "px",
              "style": "normal",
              "weight": "400",
              "lineHeight": "16px"
            },
            "legendLabelColor": "rgba(0, 0, 0, 0.76)",
            "showTooltip": true,
            "tooltipTrigger": "axis",
            "tooltipValueFont": {
              "family": "Roboto",
              "size": 12,
              "sizeUnit": "px",
              "style": "normal",
              "weight": "500",
              "lineHeight": "16px"
            },
            "tooltipValueColor": "rgba(0, 0, 0, 0.76)",
            "tooltipShowDate": true,
            "tooltipDateFormat": {
              "format": null,
              "lastUpdateAgo": false,
              "custom": false,
              "auto": true,
              "autoDateFormatSettings": {}
            },
            "tooltipDateFont": {
              "family": "Roboto",
              "size": 11,
              "sizeUnit": "px",
              "style": "normal",
              "weight": "400",
              "lineHeight": "16px"
            },
            "tooltipDateColor": "rgba(0, 0, 0, 0.76)",
            "tooltipDateInterval": true,
            "tooltipBackgroundColor": "rgba(255, 255, 255, 0.76)",
            "tooltipBackgroundBlur": 4,
            "background": {
              "type": "color",
              "color": "#fff",
              "overlay": {
                "enabled": false,
                "color": "rgba(255,255,255,0.72)",
                "blur": 3
              }
            },
            "yAxes": {
              "default": {
                "units": null,
                "decimals": 0,
                "show": true,
                "label": "",
                "labelFont": {
                  "family": "Roboto",
                  "size": 12,
                  "sizeUnit": "px",
                  "style": "normal",
                  "weight": "600",
                  "lineHeight": "1"
                },
                "labelColor": "rgba(0, 0, 0, 0.54)",
                "position": "left",
                "showTickLabels": true,
                "tickLabelFont": {
                  "family": "Roboto",
                  "size": 12,
                  "sizeUnit": "px",
                  "style": "normal",
                  "weight": "400",
                  "lineHeight": "1"
                },
                "tickLabelColor": "rgba(0, 0, 0, 0.54)",
                "ticksFormatter": null,
                "showTicks": true,
                "ticksColor": "rgba(0, 0, 0, 0.54)",
                "showLine": true,
                "lineColor": "rgba(0, 0, 0, 0.54)",
                "showSplitLines": true,
                "splitLinesColor": "rgba(0, 0, 0, 0.12)",
                "id": "default",
                "order": 0
              }
            },
            "noAggregationBarWidthSettings": {
              "strategy": "group",
              "groupWidth": {
                "relative": true,
                "relativeWidth": 2,
                "absoluteWidth": 1000
              },
              "barWidth": {
                "relative": true,
                "relativeWidth": 2,
                "absoluteWidth": 1000
              }
            },
            "animation": {
              "animation": true,
              "animationThreshold": 2000,
              "animationDuration": 500,
              "animationEasing": "cubicOut",
              "animationDelay": 0,
              "animationDurationUpdate": 300,
              "animationEasingUpdate": "cubicOut",
              "animationDelayUpdate": 0
            },
            "padding": "12px",
            "comparisonEnabled": false,
            "timeForComparison": "previousInterval",
            "comparisonCustomIntervalValue": 7200000,
            "comparisonXAxis": {
              "show": true,
              "label": "",
              "labelFont": {
                "family": "Roboto",
                "size": 12,
                "sizeUnit": "px",
                "style": "normal",
                "weight": "600",
                "lineHeight": "1"
              },
              "labelColor": "rgba(0, 0, 0, 0.54)",
              "position": "top",
              "showTickLabels": true,
              "tickLabelFont": {
                "family": "Roboto",
                "size": 10,
                "sizeUnit": "px",
                "style": "normal",
                "weight": "400",
                "lineHeight": "1"
              },
              "tickLabelColor": "rgba(0, 0, 0, 0.54)",
              "ticksFormat": {},
              "showTicks": true,
              "ticksColor": "rgba(0, 0, 0, 0.54)",
              "showLine": true,
              "lineColor": "rgba(0, 0, 0, 0.54)",
              "showSplitLines": true,
              "splitLinesColor": "rgba(0, 0, 0, 0.12)"
            },
            "grid": {
              "show": false,
              "backgroundColor": null,
              "borderWidth": 1,
              "borderColor": "#ccc"
            },
            "legendColumnTitleFont": {
              "family": "Roboto",
              "size": 12,
              "sizeUnit": "px",
              "style": "normal",
              "weight": "400",
              "lineHeight": "16px"
            },
            "legendColumnTitleColor": "rgba(0, 0, 0, 0.38)",
            "legendValueFont": {
              "family": "Roboto",
              "size": 12,
              "sizeUnit": "px",
              "style": "normal",
              "weight": "500",
              "lineHeight": "16px"
            },
            "legendValueColor": "rgba(0, 0, 0, 0.87)",
            "tooltipLabelFont": {
              "family": "Roboto",
              "size": 12,
              "sizeUnit": "px",
              "style": "normal",
              "weight": "400",
              "lineHeight": "16px"
            },
            "tooltipLabelColor": "rgba(0, 0, 0, 0.76)",
            "tooltipHideZeroValues": null
          },
          "title": "Line chart",
          "dropShadow": true,
          "enableFullscreen": true,
          "titleStyle": null,
          "mobileHeight": null,
          "configMode": "basic",
          "actions": {},
          "showTitleIcon": false,
          "titleIcon": "thermostat",
          "iconColor": "#1F6BDD",
          "useDashboardTimewindow": false,
          "displayTimewindow": true,
          "titleFont": {
            "size": 16,
            "sizeUnit": "px",
            "family": "Roboto",
            "weight": "500",
            "style": "normal",
            "lineHeight": "24px"
          },
          "titleColor": "rgba(0, 0, 0, 0.87)",
          "titleTooltip": "",
          "widgetStyle": {},
          "widgetCss": "",
          "pageSize": 1024,
          "units": "",
          "decimals": null,
          "noDataDisplayMessage": "",
          "timewindowStyle": {
            "showIcon": false,
            "iconSize": "24px",
            "icon": null,
            "iconPosition": "left",
            "font": {
              "size": 12,
              "sizeUnit": "px",
              "family": "Roboto",
              "weight": "400",
              "style": "normal",
              "lineHeight": "16px"
            },
            "color": "rgba(0, 0, 0, 0.38)",
            "displayTypePrefix": true
          },
          "margin": "0px",
          "borderRadius": "0px",
          "iconSize": "0px"
        },
        "row": 0,
        "col": 0,
        "id": "30c127f0-9554-1527-a4ca-489db4256aab"
      }
    },
    "states": {
      "default": {
        "name": "Edge Downlink Lag",
        "root": true,
        "layouts": {
          "main": {
            "widgets": {
              "85680818-69b3-3f8b-1330-2e60a5594e37": {
                "sizeX": 24,
                "sizeY": 7,
                "mobileHeight": null,
                "row": 0,
                "col": 0
              },
              "88647869-90ff-7464-6e52-1782252bd8ee": {
                "sizeX": 7,
                "sizeY": 5,
                "row": 7,
                "col": 0
              },
              "30c127f0-9554-1527-a4ca-489db4256aab": {
                "sizeX": 17,
                "sizeY": 5,
                "mobileHeight": null,
                "row": 7,
                "col": 7
              }
            },
            "gridSettings": {
              "layoutType": "default",
              "backgroundColor": "#eeeeee",
              "columns": 24,
              "margin": 10,
              "outerMargin": true,
              "backgroundSizeMode": "100%"
            }
          }
        }
      }
    },
    "entityAliases": {
      "51c4f0fb-3669-45f5-5328-d71cb88649f1": {
        "id": "51c4f0fb-3669-45f5-5328-d71cb88649f1",
        "alias": "test",
        "filter": {
          "type": "edgeType",
          "resolveMultiple": true,
          "edgeTypes": [
            "default"
          ],
          "edgeNameFilter": ""
        }
      },
      "eae9165a-2aa2-8940-daa7-df520723600a": {
        "id": "eae9165a-2aa2-8940-daa7-df520723600a",
        "alias": "DownlinkLagByEdge",
        "filter": {
          "type": "entityType",
          "resolveMultiple": true,
          "entityType": "EDGE"
        }
      },
      "8f03e210-3f5f-1764-2f04-6bc33ecb5a9c": {
        "id": "8f03e210-3f5f-1764-2f04-6bc33ecb5a9c",
        "alias": "ChooseEdge",
        "filter": {
          "type": "stateEntity",
          "resolveMultiple": false,
          "stateEntityParamName": "ChooseEdge",
          "defaultStateEntity": {
            "entityType": "EDGE",
            "id": "a2a753e0-55b2-11f0-84db-b9ff7a3afae9"
          }
        }
      }
    },
    "filters": {},
    "timewindow": {
      "hideAggregation": false,
      "hideAggInterval": false,
      "hideTimezone": false,
      "selectedTab": 0,
      "realtime": {
        "realtimeType": 0,
        "interval": 1000,
        "timewindowMs": 5000,
        "quickInterval": "CURRENT_DAY",
        "hideInterval": false,
        "hideLastInterval": false,
        "hideQuickInterval": false
      },
      "history": {
        "historyType": 0,
        "interval": 1000,
        "timewindowMs": 60000,
        "fixedTimewindow": {
          "startTimeMs": 1751189987675,
          "endTimeMs": 1751276387675
        },
        "quickInterval": "CURRENT_DAY",
        "hideInterval": false,
        "hideLastInterval": false,
        "hideFixedInterval": false,
        "hideQuickInterval": false
      },
      "aggregation": {
        "type": "AVG",
        "limit": 25000
      },
      "timezone": null
    },
    "settings": {
      "stateControllerId": "entity",
      "showTitle": false,
      "showDashboardsSelect": true,
      "showEntitiesSelect": true,
      "showDashboardTimewindow": true,
      "showDashboardExport": true,
      "toolbarAlwaysOpen": true
    }
  },
  "name": "Edge Downlink Lag",
  "resources": []
}